<?xml version = "1.0"?>
<RouteMap>
  <Position>
    <id>1</id>
    <name>Entrance</name>
    <AvailableInfos>
      <info>
        <condition>
          <subject>visitCount</subject>
          <operator>gt</operator>
          <object>0</object>
        </condition>
        <priority>1</priority>
        <message>You came back again to entrance....Find something interesting in life...</message>
      </info>
      <info>
        <priority>2</priority>
        <message>You are somewhere and stay happy that you are alive... Start Zorking...</message>
      </info>
    </AvailableInfos>
    <AvailableDirections>
      <direction>
        <name>SOUTH</name>
        <positionId>2</positionId>
      </direction>
      <direction>
        <name>EAST</name>
        <positionId>3</positionId>
      </direction>
      <direction>
        <name>WEST</name>
        <positionId>4</positionId>
      </direction>
    </AvailableDirections>
    <AvailableActions>
      <action>
        <name>MOVE</name>
        <message>MOVED</message>
      </action>
    </AvailableActions>
  </Position>
  <Position>
    <id>2</id>
    <name>SHOP</name>
    <AvailableInfos>
      <info>
        <condition>
          <subject>visitCount</subject>
          <operator>gt</operator>
          <object>0</object>
        </condition>
        <priority>1</priority>
        <message>You came back to the Swords shop...</message>
      </info>
      <info>
        <priority>2</priority>
        <message>You are at a Swords shop.. You can buy a sword for 90 coins...</message>
      </info>
    </AvailableInfos>
    <AvailableDirections>
      <direction>
        <name>NORTH</name>
        <positionId>1</positionId>
      </direction>
      <direction>
        <name>EAST</name>
        <positionId>8</positionId>
      </direction>
      <direction>
        <name>WEST</name>
        <positionId>5</positionId>
      </direction>
    </AvailableDirections>
    <AvailableAssets>
      <asset>
        <name>SWORD</name>
        <price>0</price>
      </asset>
    </AvailableAssets>
    <AvailableActions>
      <action>
        <name>BUY</name>
        <message>BOUGHT</message>
      </action>
      <action>
        <name>MOVE</name>
        <message>MOVED</message>
      </action>
    </AvailableActions>
  </Position>
  <Position>
    <id>3</id>
    <name>Big Tree</name>
    <AvailableInfos>
      <info>
        <condition>
          <subject>asset</subject>
          <operator>has</operator>
          <object>APPLE</object>
        </condition>
        <priority>1</priority>
        <message>You came back to the Big Tree...</message>
      </info>
      <info>
        <condition>
          <subject>visitCount</subject>
          <operator>gt</operator>
          <object>0</object>
        </condition>
        <priority>2</priority>
        <message>You came back to the Big Tree and still there is an apple</message>
      </info>
      <info>
        <priority>3</priority>
        <message>There is a tree infront of you and there is an apple if you feel hungry...</message>
      </info>
    </AvailableInfos>
    <AvailableDirections>
      <direction>
        <name>EAST</name>
        <positionId>7</positionId>
      </direction>
      <direction>
        <name>SOUTH</name>
        <positionId>8</positionId>
      </direction>
    </AvailableDirections>
    <AvailableAssets>
      <asset>
        <name>APPLE</name>
        <price>0</price>
      </asset>
    </AvailableAssets>
    <AvailableActions>
      <action>
        <name>MOVE</name>
        <message>MOVED</message>
      </action>
      <action>
        <name>TAKE</name>
        <message>TAKEN</message>
      </action>
    </AvailableActions>
  </Position>
  <Position>
    <id>4</id>
    <name>Huge Wolf Entry</name>
    <AvailableInfos>
      <info>
        <condition>
          <subject>visitCount</subject>
          <operator>gt</operator>
          <object>0</object>
        </condition>
        <priority>1</priority>
        <message>You came back to Huge wolf and it is observing you... MOVE WEST to fight with it</message>
      </info>
      <info>
        <priority>2</priority>
        <message>There you see a huge wolf which is wanting to beat the shit out of you... You need a sword to kill it which you dont have and two legs to run away from it which you have... Choice is yours</message>
      </info>
    </AvailableInfos>
    <AvailableDirections>
      <direction>
        <name>EAST</name>
        <positionId>1</positionId>
      </direction>
      <direction>
        <name>WEST</name>
        <positionId>14</positionId>
        <condition>
          <subject>asset</subject>
          <operator>has</operator>
          <object>SWORD</object>
        </condition>
        <errorMsg>You dont have sword to move infront of that wolf...</errorMsg>
      </direction>
      <direction>
        <name>SOUTH</name>
        <positionId>5</positionId>
      </direction>
    </AvailableDirections>
    <AvailableActions>
      <action>
        <name>MOVE</name>
        <message>MOVED</message>
      </action>
      <action>
        <name>KILL</name>
        <message>KILLED</message>
      </action>
    </AvailableActions>
  </Position>
  <Position>
    <id>5</id>
    <name>Coins2</name>
    <AvailableInfos>
      <info>
        <condition>
          <subject>visitCount</subject>
          <operator>gt</operator>
          <object>0</object>
        </condition>
        <priority>1</priority>
        <message>You have come back to the asset point...</message>
      </info>
      <info>
        <priority>2</priority>
        <message>You have reached an ASSET POINT and there are 40 coins available and it might be helpful...</message>
      </info>
    </AvailableInfos>
    <AvailableDirections>
      <direction>
        <name>NORTH</name>
        <positionId>4</positionId>
      </direction>
      <direction>
        <name>EAST</name>
        <positionId>2</positionId>
      </direction>
    </AvailableDirections>
    <AvailableAssets>
      <asset>
        <name>COINS</name>
        <price>40</price>
      </asset>
    </AvailableAssets>
    <AvailableActions>
      <action>
        <name>TAKE</name>
        <message>Taken...</message>
      </action>
      <action>
        <name>MOVE</name>
        <message>MOVED</message>
      </action>
    </AvailableActions>
  </Position>
  <Position isObstacle="TRUE">
    <id>6</id>
    <name>Mire</name>
    <AvailableInfos>
      <info>
        <priority>1</priority>
        <message>You are trapped into a Mire... Get out of it by tieing the rope to tree</message>
      </info>
    </AvailableInfos>
    <AvailableDirections>
      <direction>
        <name>WEST</name>
        <positionId>13</positionId>
      </direction>
    </AvailableDirections>
    <AvailableActions>
      <action>
        <name>MOVE</name>
        <message>MOVED</message>
      </action>
      <action>
        <name>PULL</name>
        <message>PULLED</message>
      </action>
      <action>
        <name>TIE</name>
        <message>TIED</message>
      </action>
      <action>
        <name>LOOSE</name>
        <message>LOST</message>
      </action>
    </AvailableActions>
  </Position>
  <Position>
    <id>7</id>
    <name>Cave</name>
    <AvailableInfos>
      <info>
        <condition>
          <subject>torch</subject>
          <operator>is</operator>
          <object>1</object>
        </condition>
        <priority>1</priority>
        <message>Torch is turned on. Read the content on walls...</message>
      </info>
      <info>
        <condition>
          <subject>asset</subject>
          <operator>has</operator>
          <object>TORCH</object>
        </condition>
        <priority>2</priority>
        <message>Turn the torch on to see what's written on walls...</message>
      </info>
      <info>
        <condition>
          <subject>visitCount</subject>
          <operator>gt</operator>
          <object>0</object>
        </condition>
        <priority>3</priority>
        <message>You came back into the cave...Come with torch atleast the next time...</message>
      </info>
      <info>
        <priority>4</priority>
        <message>You are inside a cave.... Need some light to see what's written on walls</message>
      </info>
    </AvailableInfos>
    <AvailableDirections>
      <direction>
        <name>NORTH</name>
        <positionId>9</positionId>
      </direction>
      <direction>
        <name>SOUTH</name>
        <positionId>10</positionId>
      </direction>
      <direction>
        <name>WEST</name>
        <positionId>3</positionId>
      </direction>
    </AvailableDirections>
    <AvailableActions>
      <action>
        <name>TURNON</name>
        <message>Turned On...</message>
      </action>
      <action>
        <name>TURNOFF</name>
        <message>Turned off...</message>
      </action>
      <action>
        <name>READ</name>
        <message>READ</message>
      </action>
      <action>
        <name>MOVE</name>
        <message>MOVED</message>
      </action>
    </AvailableActions>
  </Position>
  <Position>
    <id>8</id>
    <name>Protect mode</name>
    <AvailableInfos>
      <info>
        <condition>
          <subject>visitCount</subject>
          <operator>gt</operator>
          <object>0</object>
        </condition>
        <priority>1</priority>
        <message>You have reached back protection point...</message>
      </info>
      <info>
        <priority>2</priority>
        <message>You can enable protection mode here.. Take the shield which will help you from anything for next 5 moves...</message>
      </info>
    </AvailableInfos>
    <AvailableDirections>
      <direction>
        <name>NORTH</name>
        <positionId>3</positionId>
      </direction>
      <direction>
        <name>WEST</name>
        <positionId>2</positionId>
      </direction>
    </AvailableDirections>
    <AvailableAssets>
      <asset>
        <name>SHIELD</name>
        <price>0</price>
      </asset>
    </AvailableAssets>
    <AvailableActions>
      <action>
        <name>MOVE</name>
        <message>MOVED</message>
      </action>
      <action>
        <name>TAKE</name>
        <message>TAKEN</message>
      </action>
    </AvailableActions>
  </Position>
  <Position>
    <id>9</id>
    <name>Asset Point1</name>
    <AvailableInfos>
      <info>
        <condition>
          <subject>KEY</subject>
          <operator>is</operator>
          <object>1</object>
        </condition>
        <priority>1</priority>
        <message>You have unlocked assets. Available assets are i)Rope...</message>
      </info>
      <info>
        <condition>
          <subject>asset</subject>
          <operator>has</operator>
          <object>KEY</object>
        </condition>
        <priority>2</priority>
        <message>Unlock it with the key you have...</message>
      </info>
      <info>
        <priority>3</priority>
        <message>You have reached an ASSET POINT with locked door and you dont have the KEY...</message>
      </info>
    </AvailableInfos>
    <AvailableDirections>
      <direction>
        <name>NORTH</name>
        <condition>
          <subject>asset</subject>
          <operator>has</operator>
          <object>KEY</object>
        </condition>
        <positionId>6</positionId>
        <errorMsg>You must unlock this to cross.</errorMsg>
      </direction>
      <direction>
        <name>SOUTH</name>
        <positionId>7</positionId>
      </direction>
    </AvailableDirections>
    <AvailableAssets>
      <asset>
        <name>ROPE</name>
        <price>0</price>
      </asset>
    </AvailableAssets>
    <AvailableActions>
      <action>
        <name>TAKE</name>
        <message>Taken...</message>
      </action>
      <action>
        <name>UNLOCK</name>
        <message>Unlocked...</message>
      </action>
      <action>
        <name>MOVE</name>
        <message>MOVED</message>
      </action>
    </AvailableActions>
  </Position>
  <Position>
    <id>10</id>
    <name>Asset Point2</name>
    <AvailableInfos>
      <info>
        <condition>
          <subject>visitCount</subject>
          <operator>gt</operator>
          <object>0</object>
        </condition>
        <priority>1</priority>
        <message>You have reached back to the asset point...</message>
      </info>
      <info>
        <priority>2</priority>
        <message>You have reached an ASSET POINT and there is a torch available and it might be helpful...</message>
      </info>
    </AvailableInfos>
    <AvailableDirections>
      <direction>
        <name>NORTH</name>
        <positionId>7</positionId>
      </direction>
      <direction>
        <name>EAST</name>
        <positionId>11</positionId>
      </direction>
    </AvailableDirections>
    <AvailableAssets>
      <asset>
        <name>TORCH</name>
        <price>0</price>
      </asset>
    </AvailableAssets>
    <AvailableActions>
      <action>
        <name>TAKE</name>
        <message>Taken...</message>
      </action>
      <action>
        <name>MOVE</name>
        <message>MOVED</message>
      </action>
    </AvailableActions>
  </Position>
  <Position>
    <id>11</id>
    <name>Dog</name>
    <AvailableInfos>
      <info>
        <condition>
          <subject>Boat</subject>
          <operator>is</operator>
          <object>1</object>
        </condition>
        <priority>1</priority>
        <message>Boat has been started .. Tell the direction to move...</message>
      </info>
      <info>
        <priority>2</priority>
        <message>There is a dog starving...Feed it. It might lead you..Follow...</message>
      </info>
    </AvailableInfos>
    <AvailableDirections>
      <direction>
        <name>WEST</name>
        <positionId>10</positionId>
      </direction>
    </AvailableDirections>
    <AvailableActions>
      <action>
        <name>FEED</name>
        <message>FEEDED</message>
      </action>
      <action>
        <name>MOVE</name>
        <message>MOVED</message>
      </action>
    </AvailableActions>
  </Position>
  <Position>
    <id>12</id>
    <name>Information Point2</name>
    <AvailableInfos>
      <info>
        <condition>
          <subject>asset</subject>
          <operator>has</operator>
          <object>KEY</object>
        </condition>
        <priority>1</priority>
        <message>You have got the key... Use it wisely...</message>
      </info>
      <info>
        <priority>2</priority>
        <message>The dog has led you to an envelope. Open it...</message>
      </info>
    </AvailableInfos>
    <AvailableDirections>
      <direction>
        <name>WEST</name>
        <positionId>9</positionId>
      </direction>
    </AvailableDirections>
    <AvailableAssets>
      <asset>
        <name>KEY</name>
        <price>0</price>
      </asset>
    </AvailableAssets>
    <AvailableActions>
      <action>
        <name>OPEN</name>
        <message>Opened...</message>
      </action>
      <action>
        <name>MOVE</name>
        <message>MOVED</message>
      </action>
      <action>
        <name>TAKE</name>
        <message>TAKEN</message>
      </action>
    </AvailableActions>
  </Position>
  <Position>
    <id>13</id>
    <name>Coins1</name>
    <AvailableInfos>
      <info>
        <priority>1</priority>
        <message>Achievement is appreciated.... There are 50 coins in a bag</message>
      </info>
    </AvailableInfos>
    <AvailableDirections>
      <direction>
        <name>SOUTH</name>
        <positionId>4</positionId>
      </direction>
    </AvailableDirections>
    <AvailableAssets>
      <asset>
        <name>COINS</name>
        <price>50</price>
      </asset>
    </AvailableAssets>
    <AvailableActions>
      <action>
        <name>TAKE</name>
        <message>TAKEN</message>
      </action>
      <action>
        <name>MOVE</name>
        <message>MOVED</message>
      </action>
    </AvailableActions>
  </Position>
  <Position isObstacle="TRUE">
    <id>14</id>
    <name>Wolf Obstacle</name>
    <AvailableInfos>
      <info>
        <priority>1</priority>
        <message>Now you are in a fight with WOLF... Try Attacking...</message>
      </info>
    </AvailableInfos>
    <AvailableDirections>
      <direction>
        <name>WEST</name>
        <positionId>15</positionId>
      </direction>
    </AvailableDirections>
    <AvailableActions>
      <action>
        <name>MOVE</name>
        <message>MOVED</message>
      </action>
      <action>
        <name>KILL</name>
        <message>KILLED</message>
      </action>
      <action>
        <name>ATTACK</name>
        <message>ATTACKED</message>
      </action>
      <action>
        <name>TAKEOUT</name>
        <message>TAKENOUT</message>
      </action>
      <action>
        <name>TAKEUP</name>
        <message>TAKENUP</message>
      </action>
    </AvailableActions>
  </Position>
  <Position>
    <id>15</id>
    <name>Ending</name>
    <AvailableInfos>
      <info>
        <priority>1</priority>
        <message>The game is finished...</message>
      </info>
    </AvailableInfos>
    <AvailableDirections></AvailableDirections>
    <AvailableActions></AvailableActions>
  </Position>
</RouteMap>
